IdStringSearch;StringName
1;?random forest? AND ?data stream mining? AND ?ensemble classifier? AND ?non-stationary environments?
2;?random forest? AND ?data stream mining? AND ?ensemble classifier? AND ?online learning?
3;?random forest? AND ?data stream mining? AND ?ensemble classifier? AND ?change of concept?
4;?random forest? AND ?data stream mining? AND ?ensemble classifier? AND ?ensemble?
5;?random forest? AND ?data stream mining? AND ?ensemble classifier? AND ?concept drift?
6;?random forest? AND ?data stream mining? AND ?ensemble classifier? AND ?data stream?
7;?random forest? AND ?data stream mining? AND ?ensemble classifier? AND ?classification?
8;?random forest? AND ?data stream mining? AND ?ensemble classifier? AND ?data mining?
9;?random forest? AND ?data stream mining? AND ?non-stationary environments? AND ?online learning?
10;"?random forest? AND ?data stream mining? AND ?non-stationary environments? AND ""change of concept"""
11;"?random forest? AND ?data stream mining? AND ?non-stationary environments? AND ""ensemble"""
12;"?random forest? AND ?data stream mining? AND ?non-stationary environments? AND ""concept drift"""
13;"?random forest? AND ?data stream mining? AND ?non-stationary environments? AND ""data stream"""
14;"?random forest? AND ?data stream mining? AND ?non-stationary environments? AND ""classification"""
15;"?random forest? AND ?data stream mining? AND ?non-stationary environments? AND ""data mining"""
16;"""random forest? AND ""data stream mining? AND ""online learning"" AND ""change of concept"""
17;"""random forest? AND ""data stream mining? AND ""online learning"" AND ""ensemble"""
18;"""random forest? AND ""data stream mining? AND ""online learning"" AND ""concept drift"""
19;"""random forest? AND ""data stream mining? AND ""online learning"" AND ""data stream"""
20;"""random forest? AND ""data stream mining? AND ""online learning"" AND ""classification"""
21;"""random forest? AND ""data stream mining? AND ""online learning"" AND ""data mining"""
22;"""random forest? AND ""data stream mining? AND ""change of concept"" AND ""ensemble"""
23;"""random forest? AND ""data stream mining? AND ""change of concept"" AND ""concept drift"""
24;"""random forest? AND ""data stream mining? AND ""change of concept"" AND ""data stream"""
25;"""random forest? AND ""data stream mining? AND ""change of concept"" AND ""classification"""
26;"""random forest? AND ""data stream mining? AND ""change of concept"" AND ""data mining"""
27;"""random forest? AND ""data stream mining? AND ""ensemble"" AND ""concept drift"""
28;"""random forest? AND ""data stream mining? AND ""ensemble"" AND ""data stream"""
29;"""random forest? AND ""data stream mining? AND ""ensemble"" AND ""classification"""
30;"""random forest? AND ""data stream mining"" AND ""ensemble"" AND ""data mining"""
31;"""random forest? AND ""data stream mining"" AND ""concept drift"" AND ""data stream"""
32;"""random forest? AND ""data stream mining"" AND ""concept drift"" AND ""classification"""
33;"""random forest? AND ""data stream mining"" AND ""concept drift"" AND ""data mining"""
34;"""random forest? AND ""data stream mining"" AND ""data stream"" AND ""classification"""
35;"""random forest? AND ""data stream mining"" AND ""data stream"" AND ""data mining"""
36;"""random forest? AND ""data stream mining"" AND ""classification"" AND ""data mining"""
37;"""random forest? AND ""ensemble classifier"" AND ""non-stationary environments"" AND ""online learning"""
38;"""random forest? AND ""ensemble classifier"" AND ""non-stationary environments"" AND ""change of concept"""
39;"""random forest? AND ""ensemble classifier"" AND ""non-stationary environments"" AND ""ensemble"""
40;"""random forest? AND ""ensemble classifier"" AND ""non-stationary environments"" AND ""concept drift"""
41;"""random forest? AND ""ensemble classifier"" AND ""non-stationary environments"" AND ""data stream"""
42;"""random forest? AND ""ensemble classifier"" AND ""non-stationary environments"" AND ""classification"""
43;"""random forest? AND ""ensemble classifier"" AND ""non-stationary environments"" AND ""data mining"""
44;"""random forest? AND ""ensemble classifier"" AND ""online learning"" AND ""change of concept"""
45;"""random forest? AND ""ensemble classifier"" AND ""online learning"" AND ""ensemble"""
46;"""random forest? AND ""ensemble classifier"" AND ""online learning"" AND ""concept drift"""
47;"""random forest? AND ""ensemble classifier"" AND ""online learning"" AND ""data stream"""
48;"""random forest? AND ""ensemble classifier"" AND ""online learning"" AND ""classification"""
49;"""random forest? AND ""ensemble classifier"" AND ""online learning"" AND ""data mining"""
50;"""random forest? AND ""ensemble classifier"" AND ""change of concept"" AND ""online learning"""
51;"""random forest? AND ""ensemble classifier"" AND ""change of concept"" AND ""ensemble"""
52;"""random forest? AND ""ensemble classifier"" AND ""change of concept"" AND ""concept drift"""
53;"""random forest? AND ""ensemble classifier"" AND ""change of concept"" AND ""data stream"""
54;"""random forest? AND ""ensemble classifier"" AND ""change of concept"" AND ""classification"""
55;"""random forest? AND ""ensemble classifier"" AND ""change of concept"" AND ""data mining"""
56;"""random forest? AND ""ensemble classifier"" AND ""ensemble"" AND ""concept drift"""
57;"""random forest? AND ""ensemble classifier"" AND ""ensemble"" AND ""data stream"""
58;"""random forest? AND ""ensemble classifier"" AND ""ensemble"" AND ""classification"""
59;"""random forest? AND ""ensemble classifier"" AND ""ensemble"" AND ""data mining"""
60;"""random forest? AND ""ensemble classifier"" AND ""concept drift"" AND ""data stream"""
61;"""random forest? AND ""ensemble classifier"" AND ""concept drift"" AND ""classification"""
62;"""random forest? AND ""ensemble classifier"" AND ""concept drift"" AND ""data mining"""
63;"""random forest? AND ""ensemble classifier"" AND ""data stream"" AND ""classification"""
64;"""random forest? AND ""ensemble classifier"" AND ""data stream"" AND ""data mining"""
65;"""random forest? AND ""ensemble classifier"" AND ""classification"" AND ""data mining"""
66;"""random forest? AND ""non-stationary environments"" AND ""data stream mining"" AND ""online learning"""
67;"""random forest? AND ""non-stationary environments"" AND ""data stream mining"" AND ""change of concept"""
68;"""random forest? AND ""non-stationary environments"" AND ""data stream mining"" AND ""ensemble"""
69;"""random forest? AND ""non-stationary environments"" AND ""data stream mining"" AND ""concept drift"""
70;"""random forest? AND ""non-stationary environments"" AND ""data stream mining"" AND ""data stream"""
71;"""random forest? AND ""non-stationary environments"" AND ""data stream mining"" AND ""classification"""
72;"""random forest? AND ""non-stationary environments"" AND ""data stream mining"" AND ""data mining"""
73;"""random forest? AND ""non-stationary environments"" AND ""data stream mining"" AND ""data stream mining"""
74;"""random forest? AND ""non-stationary environments"" AND ""online learning"" AND ""change of concept"""
75;"""random forest? AND ""non-stationary environments"" AND ""online learning"" AND ""ensemble"""
76;"""random forest? AND ""non-stationary environments"" AND ""online learning"" AND ""concept drift"""
77;"""random forest? AND ""non-stationary environments"" AND ""online learning"" AND ""data stream"""
78;"""random forest? AND ""non-stationary environments"" AND ""online learning"" AND ""classification"""
79;"""random forest? AND ""non-stationary environments"" AND ""online learning"" AND ""data mining"""
80;"""random forest? AND ""non-stationary environments"" AND ""change of concept"" AND ""ensemble"""
81;"""random forest? AND ""non-stationary environments"" AND ""change of concept"" AND ""concept drift"""
82;"""random forest? AND ""non-stationary environments"" AND ""change of concept"" AND ""data stream"""
83;"""random forest? AND ""non-stationary environments"" AND ""change of concept"" AND ""classification"""
84;"""random forest? AND ""non-stationary environments"" AND ""change of concept"" AND ""data mining"""
85;"""random forest? AND ""non-stationary environments"" AND ""ensemble"" AND ""concept drift"""
86;"""random forest? AND ""non-stationary environments"" AND ""ensemble"" AND ""data stream"""
87;"""random forest? AND ""non-stationary environments"" AND ""ensemble"" AND ""classification"""
88;"""random forest? AND ""non-stationary environments"" AND ""ensemble"" AND ""data mining"""
89;"""random forest? AND ""non-stationary environments"" AND ""concept drift"" AND ""data stream"""
90;"""random forest? AND ""non-stationary environments"" AND ""concept drift"" AND ""classification"""
91;"""random forest? AND ""non-stationary environments"" AND ""concept drift"" AND ""data mining"""
92;"""random forest? AND ""non-stationary environments"" AND ""data stream"" AND ""classification"""
93;"""random forest? AND ""non-stationary environments"" AND ""data stream"" AND ""data mining"""
94;"""random forest? AND ""non-stationary environments"" AND ""classification"" AND ""data mining"""
95;"""random forest? AND ""online learning"" AND ""change of concept"" AND ""ensemble"""
96;"""random forest? AND ""online learning"" AND ""change of concept"" AND ""concept drift"""
97;"""random forest? AND ""online learning"" AND ""change of concept"" AND ""data stream"""
98;"""random forest? AND ""online learning"" AND ""change of concept"" AND ""classification"""
99;"""random forest? AND ""online learning"" AND ""change of concept"" AND ""data mining"""
100;"""random forest? AND ""online learning"" AND ""ensemble"" AND ""concept drift"""
101;"""random forest? AND ""online learning"" AND ""ensemble"" AND ""data stream"""
102;"""random forest? AND ""online learning"" AND ""ensemble"" AND ""classification"""
103;"""random forest? AND ""online learning"" AND ""ensemble"" AND ""data mining"""
104;"""random forest? AND ""online learning"" AND ""concept drift"" AND ""data stream"""
105;"""random forest? AND ""online learning"" AND ""concept drift"" AND ""classification"""
106;"""random forest? AND ""online learning"" AND ""concept drift"" AND ""data mining"""
107;"""random forest? AND ""online learning"" AND ""data stream"" AND ""classification"""
108;"""random forest? AND ""online learning"" AND ""data stream"" AND ""data mining"""
109;"""random forest? AND ""online learning"" AND ""classification"" AND ""data mining"""
110;"""random forest? AND ""change of concept"" AND ""ensemble"" AND ""concept drift"""
111;"""random forest? AND ""change of concept"" AND ""ensemble"" AND ""data stream"""
112;"""random forest? AND ""change of concept"" AND ""ensemble"" AND ""classification"""
113;"""random forest? AND ""change of concept"" AND ""ensemble"" AND ""data mining"""
114;"""random forest? AND ""change of concept"" AND ""concept drift"" AND ""data stream"""
115;"""random forest? AND ""change of concept"" AND ""concept drift"" AND ""classification"""
116;"""random forest? AND ""change of concept"" AND ""concept drift"" AND ""data mining"""
117;"""random forest? AND ""change of concept"" AND ""data stream"" AND ""classification"""
118;"""random forest? AND ""change of concept"" AND ""data stream"" AND ""data mining"""
119;"""random forest? AND ""change of concept"" AND ""classification"" AND ""data mining"""
120;"""random forest? AND ""ensemble"" AND ""concept drift"" AND ""data stream"""
121;"""random forest? AND ""ensemble"" AND ""concept drift"" AND ""classification"""
122;"""random forest? AND ""ensemble"" AND ""data stream"" AND ""classification"""
123;"""random forest? AND ""ensemble"" AND ""data stream"" AND ""data mining"""
124;"""random forest? AND ""ensemble"" AND ""classification"" AND ""data mining"""
125;"""random forest? AND ""ensemble"" AND ""data mining"" AND ""concept drift"""
126;"""random forest? AND ""concept drift"" AND ""data stream"" AND ""classification"""
127;"""random forest? AND ""concept drift"" AND ""data stream"" AND ""data mining"""
128;"""random forest? AND ""concept drift"" AND ""classification"" AND ""data mining"""
129;"""random forest? AND ""data stream"" AND ""classification"" AND ""data mining"""
130;"""random forest? AND ""classification"" AND ""data mining"" AND ""data stream"""
131;"""random forest? AND ""ensemble"" AND ""concept drift"" AND ""data mining"""
